<annotation><folder>converted_labels</folder><filename>pos-173.jpg</filename><path>D:\PycharmProjects\convert\converted_labels\pos-173.jpg</path><source><database>Unknown</database></source><size><width>320</width><height>427</height><depth>3</depth></size><segmented>0</segmented><object><name>nfpa</name><pose>Unspecified</pose><truncated>0</truncated><difficult>0</difficult><bndbox><xmin>92</xmin><ymin>173</ymin><xmax>160</xmax><ymax>252</ymax></bndbox></object><object><name>nfpa</name><pose>Unspecified</pose><truncated>0</truncated><difficult>0</difficult><bndbox><xmin>188</xmin><ymin>180</ymin><xmax>242</xmax><ymax>230</ymax></bndbox></object><object><name>nfpa</name><pose>Unspecified</pose><truncated>0</truncated><difficult>0</difficult><bndbox><xmin>141</xmin><ymin>414</ymin><xmax>141</xmax><ymax>414</ymax></bndbox></object></annotation>