<annotation><folder>converted_labels</folder><filename>pos-175.jpg</filename><path>D:\PycharmProjects\convert\converted_labels\pos-175.jpg</path><source><database>Unknown</database></source><size><width>412</width><height>230</height><depth>3</depth></size><segmented>0</segmented><object><name>nfpa</name><pose>Unspecified</pose><truncated>0</truncated><difficult>0</difficult><bndbox><xmin>91</xmin><ymin>176</ymin><xmax>117</xmax><ymax>203</ymax></bndbox></object><object><name>nfpa</name><pose>Unspecified</pose><truncated>0</truncated><difficult>0</difficult><bndbox><xmin>146</xmin><ymin>126</ymin><xmax>180</xmax><ymax>161</ymax></bndbox></object><object><name>nfpa</name><pose>Unspecified</pose><truncated>0</truncated><difficult>0</difficult><bndbox><xmin>206</xmin><ymin>170</ymin><xmax>233</xmax><ymax>195</ymax></bndbox></object><object><name>nfpa</name><pose>Unspecified</pose><truncated>0</truncated><difficult>0</difficult><bndbox><xmin>249</xmin><ymin>127</ymin><xmax>282</xmax><ymax>162</ymax></bndbox></object><object><name>nfpa</name><pose>Unspecified</pose><truncated>0</truncated><difficult>0</difficult><bndbox><xmin>365</xmin><ymin>129</ymin><xmax>396</xmax><ymax>160</ymax></bndbox></object><object><name>nfpa</name><pose>Unspecified</pose><truncated>0</truncated><difficult>0</difficult><bndbox><xmin>293</xmin><ymin>91</ymin><xmax>336</xmax><ymax>132</ymax></bndbox></object><object><name>nfpa</name><pose>Unspecified</pose><truncated>0</truncated><difficult>0</difficult><bndbox><xmin>197</xmin><ymin>98</ymin><xmax>223</xmax><ymax>122</ymax></bndbox></object><object><name>nfpa</name><pose>Unspecified</pose><truncated>0</truncated><difficult>0</difficult><bndbox><xmin>72</xmin><ymin>78</ymin><xmax>111</xmax><ymax>116</ymax></bndbox></object><object><name>nfpa</name><pose>Unspecified</pose><truncated>0</truncated><difficult>0</difficult><bndbox><xmin>42</xmin><ymin>134</ymin><xmax>77</xmax><ymax>167</ymax></bndbox></object></annotation>