<annotation><folder>converted_labels</folder><filename>pos-220.jpg</filename><path>D:\PycharmProjects\convert\converted_labels\pos-220.jpg</path><source><database>Unknown</database></source><size><width>1187</width><height>557</height><depth>3</depth></size><segmented>0</segmented><object><name>nfpa</name><pose>Unspecified</pose><truncated>0</truncated><difficult>0</difficult><bndbox><xmin>478</xmin><ymin>350</ymin><xmax>499</xmax><ymax>378</ymax></bndbox></object><object><name>nfpa</name><pose>Unspecified</pose><truncated>0</truncated><difficult>0</difficult><bndbox><xmin>540</xmin><ymin>426</ymin><xmax>565</xmax><ymax>451</ymax></bndbox></object></annotation>