<annotation><folder>converted_labels</folder><filename>pos-208.jpg</filename><path>D:\PycharmProjects\convert\converted_labels\pos-208.jpg</path><source><database>Unknown</database></source><size><width>1195</width><height>559</height><depth>3</depth></size><segmented>0</segmented><object><name>nfpa</name><pose>Unspecified</pose><truncated>0</truncated><difficult>0</difficult><bndbox><xmin>486</xmin><ymin>411</ymin><xmax>511</xmax><ymax>434</ymax></bndbox></object><object><name>nfpa</name><pose>Unspecified</pose><truncated>0</truncated><difficult>0</difficult><bndbox><xmin>550</xmin><ymin>378</ymin><xmax>571</xmax><ymax>400</ymax></bndbox></object></annotation>