<annotation><folder>converted_labels</folder><filename>pos-178.jpg</filename><path>D:\PycharmProjects\convert\converted_labels\pos-178.jpg</path><source><database>Unknown</database></source><size><width>550</width><height>550</height><depth>3</depth></size><segmented>0</segmented><object><name>nfpa</name><pose>Unspecified</pose><truncated>0</truncated><difficult>0</difficult><bndbox><xmin>73</xmin><ymin>299</ymin><xmax>137</xmax><ymax>367</ymax></bndbox></object><object><name>nfpa</name><pose>Unspecified</pose><truncated>0</truncated><difficult>0</difficult><bndbox><xmin>170</xmin><ymin>302</ymin><xmax>231</xmax><ymax>370</ymax></bndbox></object><object><name>nfpa</name><pose>Unspecified</pose><truncated>0</truncated><difficult>0</difficult><bndbox><xmin>265</xmin><ymin>283</ymin><xmax>318</xmax><ymax>340</ymax></bndbox></object><object><name>nfpa</name><pose>Unspecified</pose><truncated>0</truncated><difficult>0</difficult><bndbox><xmin>355</xmin><ymin>285</ymin><xmax>416</xmax><ymax>350</ymax></bndbox></object><object><name>nfpa</name><pose>Unspecified</pose><truncated>0</truncated><difficult>0</difficult><bndbox><xmin>447</xmin><ymin>285</ymin><xmax>512</xmax><ymax>354</ymax></bndbox></object></annotation>