<annotation><folder>converted_labels</folder><filename>pos-241.jpg</filename><path>D:\PycharmProjects\convert\converted_labels\pos-241.jpg</path><source><database>Unknown</database></source><size><width>302</width><height>221</height><depth>3</depth></size><segmented>0</segmented><object><name>nfpa</name><pose>Unspecified</pose><truncated>0</truncated><difficult>0</difficult><bndbox><xmin>150</xmin><ymin>88</ymin><xmax>179</xmax><ymax>121</ymax></bndbox></object><object><name>nfpa</name><pose>Unspecified</pose><truncated>0</truncated><difficult>0</difficult><bndbox><xmin>194</xmin><ymin>140</ymin><xmax>214</xmax><ymax>160</ymax></bndbox></object></annotation>