<annotation><folder>converted_labels</folder><filename>pos-214.jpg</filename><path>D:\PycharmProjects\convert\converted_labels\pos-214.jpg</path><source><database>Unknown</database></source><size><width>1189</width><height>556</height><depth>3</depth></size><segmented>0</segmented><object><name>nfpa</name><pose>Unspecified</pose><truncated>0</truncated><difficult>0</difficult><bndbox><xmin>517</xmin><ymin>394</ymin><xmax>543</xmax><ymax>420</ymax></bndbox></object><object><name>nfpa</name><pose>Unspecified</pose><truncated>0</truncated><difficult>0</difficult><bndbox><xmin>579</xmin><ymin>360</ymin><xmax>605</xmax><ymax>386</ymax></bndbox></object></annotation>